row,seed,n_test,val_video_auc,val_audio_auc,val_sync_auc,val_fusion_auc,test_video_auc,test_audio_auc,test_sync_auc,test_fusion_auc,video_bacc,audio_bacc,fusion_bacc,sync_bacc
A1_video_only,42,309,0.9329807692307692,0.6810781554449015,nan,nan,0.9135321100917431,0.6402055369127517,nan,nan,0.8382798165137615,0.6193582214765101,nan,nan
A2_audio_only,42,309,0.5239663461538462,0.9970772894565924,nan,nan,0.5626834862385321,0.9811451342281879,nan,nan,0.5236926605504587,0.9570679530201343,nan,nan
A3_two_head_no_fusion,42,309,0.9260576923076923,0.997185537995237,nan,nan,0.9150688073394495,0.9888842281879194,nan,nan,0.844954128440367,0.9608850671140939,nan,nan
A4_full_crossfuse,42,309,0.9155048076923077,0.9961030526087897,0.5119405730609419,0.9333823529411764,0.9093348623853211,0.9863464765100671,0.5066714843790912,0.9267224880382775,0.8228669724770643,0.9367030201342282,0.8373684210526315,0.49352750809061485
A5_no_hard_negatives,42,309,0.9244951923076923,0.9961463520242477,0.5280903739612188,0.94125,0.9218348623853211,0.9866820469798657,0.5135733810915261,0.9461244019138756,0.8482798165137615,0.9541736577181208,0.9023684210526316,0.5177993527508091
A6_no_compression_aug,42,309,0.924110576923077,0.9964494479324529,0.5188549601800554,0.9520343137254902,0.9277522935779816,0.9847944630872483,0.5041160021365507,0.9538038277511962,0.8299770642201835,0.9297609060402685,0.8738755980861244,0.5275080906148868
A7_no_mfcc_cmvn,42,309,0.931298076923077,0.9922494046330375,0.49225242382271467,0.9494607843137255,0.9217201834862385,0.9785654362416107,0.47982321090059804,0.9511004784688996,0.8395183486238532,0.9454907718120805,0.8771291866028708,0.4870550161812298
A8_random_split,42,300,0.9236602870813397,0.9961770981507824,0.49474444444444443,0.954471586003758,0.9190243902439025,0.9961777777777778,0.4875,0.9398778998778998,0.8238767650834403,0.9733333333333334,0.8725274725274725,0.49
A9_late_fusion_baseline,42,309,0.9184615384615384,0.9951288157609872,0.48654453774238227,0.9493627450980392,0.9250229357798165,0.9815645973154362,0.5152491071522083,0.9419856459330144,0.8478669724770642,0.9441065436241611,0.8858373205741628,0.5097087378640777
A10_sync_unaligned,42,309,0.9125480769230769,0.997596882442087,0.5,0.934142156862745,0.9113532110091743,0.9837248322147651,0.5,0.9290430622009569,0.8311697247706422,0.9640100671140939,0.8554066985645933,0.5
A11_no_paired_batches,42,309,0.9218990384615384,0.9966226455942845,0.509094745498615,0.926078431372549,0.9326146788990826,0.9847944630872483,0.48588724458269184,0.9480143540669856,0.862454128440367,0.9512793624161073,0.8760526315789474,0.46601941747572817
A12_no_silence_trim,42,309,0.9154807692307693,0.9985278198744317,0.5123247056786704,0.9545588235294118,0.9045642201834863,0.9815645973154362,0.514641656455211,0.9436842105263158,0.8182798165137615,0.954635067114094,0.8664832535885167,0.5113268608414239
